mirna_id	seed	weight
hsa-let-7a-5p	GAGGUAG	1.0
hsa-miR-1-3p	GGAAUGU	1.0
hsa-miR-10b-5p	ACCCUGU	1.0
hsa-miR-15a-5p	AGCAGCA	1.0
hsa-miR-21-5p	AGCUUAU	1.0
hsa-miR-29a-3p	AGCACCA	1.0
hsa-miR-34a-5p	GGCAGUG	1.0
hsa-miR-100-5p	AACCCGU	1.0
hsa-miR-122-5p	GGAGUGU	1.0
hsa-miR-124-3p	AAGGCAC	1.0
hsa-miR-125a-5p	CCCUGAG	1.0
hsa-miR-126-3p	CGUACCG	1.0
hsa-miR-143-3p	GAGAUGA	1.0
hsa-miR-145-5p	UCCAGUU	1.0
hsa-miR-146a-5p	GAGAACU	1.0
hsa-miR-155-5p	UAAUGCU	1.0
hsa-miR-181a-5p	ACUCAAC	1.0
hsa-miR-200a-3p	AACACUG	1.0
hsa-miR-205-5p	CCUUCAU	1.0
hsa-miR-221-3p	GCUACAU	1.0
